{"cameraMode":{"drawMode":0,"name":"Shaded","section":"Shading Mode"},"sceneLighting":false,"audioPlay":false,"sceneViewState":{"m_AlwaysRefresh":false,"showFog":true,"showSkybox":false,"showFlares":true,"showImageEffects":true,"showParticleSystems":true,"showVisualEffectGraphs":true,"m_FxEnabled":true},"in2DMode":false,"pivot":{"x":41.443058013916019,"y":-22.12286376953125,"z":0.03217124938964844},"rotation":{"x":-0.0364910289645195,"y":-0.7017201781272888,"z":0.036041878163814548,"w":-0.7106360197067261},"size":0.4330126941204071,"orthographic":false}