{"cameraMode":{"drawMode":0,"name":"Shaded","section":"Shading Mode"},"sceneLighting":false,"audioPlay":false,"sceneViewState":{"m_AlwaysRefresh":false,"showFog":true,"showSkybox":false,"showFlares":true,"showImageEffects":true,"showParticleSystems":true,"showVisualEffectGraphs":true,"m_FxEnabled":true},"in2DMode":false,"pivot":{"x":0.00000286102294921875,"y":1.999999761581421,"z":-1.1911107301712037},"rotation":{"x":-0.038932621479034427,"y":-0.7288602590560913,"z":0.04158996790647507,"w":-0.6822885274887085},"size":7.9552507400512699,"orthographic":false}